<?xml version="1.0"?>
<!-- <!DOCTYPE metadata SYSTEM "http://www.esri.com/metadata/esriprof80.dtd"> -->
<metadata xml:lang="en"><Esri><CreaDate>20131010</CreaDate><CreaTime>11052800</CreaTime><SyncOnce>FALSE</SyncOnce><SyncDate>20220405</SyncDate><SyncTime>11514700</SyncTime><ModDate>20220405</ModDate><ModTime>11514700</ModTime><DataProperties><lineage><Process ToolSource="C:\Program Files (x86)\ArcGIS\ArcToolbox\Toolboxes\Data Management Tools.tbx\AddField" Date="20111114" Time="101113">AddField TEST2 x LONG # # # # NULLABLE NON_REQUIRED # TEST2</Process><Process ToolSource="C:\Program Files (x86)\ArcGIS\ArcToolbox\Toolboxes\Data Management Tools.tbx\AddField" Date="20111114" Time="101126">AddField TEST2 y LONG # # # # NULLABLE NON_REQUIRED # TEST2</Process><Process ToolSource="C:\Program Files (x86)\ArcGIS\ArcToolbox\Toolboxes\Data Management Tools.tbx\AssignDomainToField" Date="20120117" Time="085712">AssignDomainToField "\\swnhpr04fs\gis groups\GIS NMR Mapping\Conservation Areas\Trial CA Database\Conservation Areas Data Capture trial.gdb\Conservation_Areas\TEST2" INSPIRE_PERMISSION Publishing # "\\swnhpr04fs\gis groups\GIS NMR Mapping\Conservation Areas\Trial CA Database\Conservation Areas Data Capture trial.gdb\Conservation_Areas\TEST2"</Process><Process ToolSource="C:\Program Files (x86)\ArcGIS\ArcToolbox\Toolboxes\Data Management Tools.tbx\RepairGeometry" Date="20120321" Time="123439">RepairGeometry CA_Polygons DELETE_NULL CA_Polygons</Process><Process ToolSource="C:\Program Files (x86)\ArcGIS\ArcToolbox\Toolboxes\Data Management Tools.tbx\RepairGeometry" Date="20120323" Time="161652">RepairGeometry CA_Polygons DELETE_NULL CA_Polygons</Process><Process ToolSource="C:\Program Files (x86)\ArcGIS\ArcToolbox\Toolboxes\Data Management Tools.tbx\RepairGeometry" Date="20120327" Time="164140">RepairGeometry CA_Polygons DELETE_NULL CA_Polygons</Process><Process ToolSource="C:\Program Files (x86)\ArcGIS\ArcToolbox\Toolboxes\Data Management Tools.tbx\RepairGeometry" Date="20120330" Time="165146">RepairGeometry CA_Polygons DELETE_NULL CA_Polygons</Process><Process ToolSource="C:\Program Files (x86)\ArcGIS\ArcToolbox\Toolboxes\Data Management Tools.tbx\RepairGeometry" Date="20120402" Time="145130">RepairGeometry CA_Polygons DELETE_NULL CA_Polygons</Process><Process ToolSource="C:\Program Files (x86)\ArcGIS\ArcToolbox\Toolboxes\Data Management Tools.tbx\RepairGeometry" Date="20120403" Time="175700">RepairGeometry CA_Polygons DELETE_NULL CA_Polygons</Process><Process ToolSource="C:\Program Files (x86)\ArcGIS\ArcToolbox\Toolboxes\Data Management Tools.tbx\RepairGeometry" Date="20120410" Time="162124">RepairGeometry CA_Polygons DELETE_NULL CA_Polygons</Process><Process ToolSource="C:\Program Files (x86)\ArcGIS\ArcToolbox\Toolboxes\Data Management Tools.tbx\RepairGeometry" Date="20120412" Time="130424">RepairGeometry CA_Polygons DELETE_NULL CA_Polygons</Process><Process ToolSource="C:\Program Files (x86)\ArcGIS\ArcToolbox\Toolboxes\Data Management Tools.tbx\RepairGeometry" Date="20120412" Time="173519">RepairGeometry CA_Polygons DELETE_NULL CA_Polygons</Process><Process ToolSource="C:\Program Files (x86)\ArcGIS\ArcToolbox\Toolboxes\Data Management Tools.tbx\RepairGeometry" Date="20120413" Time="181047">RepairGeometry CA_Polygons DELETE_NULL CA_Polygons</Process><Process ToolSource="C:\Program Files (x86)\ArcGIS\ArcToolbox\Toolboxes\Data Management Tools.tbx\RepairGeometry" Date="20120416" Time="174916">RepairGeometry CA_Polygons DELETE_NULL CA_Polygons</Process><Process ToolSource="C:\Program Files (x86)\ArcGIS\ArcToolbox\Toolboxes\Data Management Tools.tbx\RepairGeometry" Date="20120417" Time="181008">RepairGeometry CA_Polygons DELETE_NULL CA_Polygons</Process><Process ToolSource="C:\Program Files (x86)\ArcGIS\ArcToolbox\Toolboxes\Data Management Tools.tbx\RepairGeometry" Date="20120418" Time="141019">RepairGeometry CA_Polygons DELETE_NULL CA_Polygons</Process><Process ToolSource="C:\Program Files (x86)\ArcGIS\ArcToolbox\Toolboxes\Data Management Tools.tbx\RepairGeometry" Date="20120418" Time="172746">RepairGeometry CA_Polygons DELETE_NULL CA_Polygons</Process><Process ToolSource="C:\Program Files (x86)\ArcGIS\ArcToolbox\Toolboxes\Data Management Tools.tbx\RepairGeometry" Date="20120418" Time="172830">RepairGeometry CA_Polygons DELETE_NULL CA_Polygons</Process><Process ToolSource="C:\Program Files (x86)\ArcGIS\ArcToolbox\Toolboxes\Data Management Tools.tbx\RepairGeometry" Date="20120418" Time="173749">RepairGeometry CA_Polygons DELETE_NULL CA_Polygons</Process><Process ToolSource="C:\Program Files (x86)\ArcGIS\ArcToolbox\Toolboxes\Data Management Tools.tbx\RepairGeometry" Date="20120426" Time="152605">RepairGeometry CA_Polygons DELETE_NULL CA_Polygons</Process><Process ToolSource="C:\Program Files (x86)\ArcGIS\ArcToolbox\Toolboxes\Data Management Tools.tbx\RepairGeometry" Date="20120426" Time="164606">RepairGeometry CA_Polygons DELETE_NULL CA_Polygons</Process><Process ToolSource="C:\Program Files (x86)\ArcGIS\ArcToolbox\Toolboxes\Data Management Tools.tbx\RepairGeometry" Date="20120427" Time="164345">RepairGeometry CA_Polygons DELETE_NULL CA_Polygons</Process><Process ToolSource="C:\Program Files (x86)\ArcGIS\ArcToolbox\Toolboxes\Data Management Tools.tbx\RepairGeometry" Date="20120501" Time="140727">RepairGeometry CA_Polygons DELETE_NULL CA_Polygons</Process><Process ToolSource="C:\Program Files (x86)\ArcGIS\ArcToolbox\Toolboxes\Data Management Tools.tbx\RepairGeometry" Date="20120501" Time="164430">RepairGeometry CA_Polygons DELETE_NULL CA_Polygons</Process><Process ToolSource="C:\Program Files (x86)\ArcGIS\ArcToolbox\Toolboxes\Data Management Tools.tbx\RepairGeometry" Date="20120503" Time="141508">RepairGeometry CA_Polygons DELETE_NULL CA_Polygons</Process><Process ToolSource="C:\Program Files (x86)\ArcGIS\ArcToolbox\Toolboxes\Data Management Tools.tbx\RepairGeometry" Date="20120503" Time="174131">RepairGeometry CA_Polygons DELETE_NULL CA_Polygons</Process><Process ToolSource="C:\Program Files (x86)\ArcGIS\ArcToolbox\Toolboxes\Data Management Tools.tbx\RepairGeometry" Date="20120504" Time="124345">RepairGeometry CA_Polygons DELETE_NULL CA_Polygons</Process><Process ToolSource="C:\Program Files (x86)\ArcGIS\ArcToolbox\Toolboxes\Data Management Tools.tbx\RepairGeometry" Date="20120504" Time="161831">RepairGeometry CA_Polygons DELETE_NULL CA_Polygons</Process><Process ToolSource="C:\Program Files (x86)\ArcGIS\ArcToolbox\Toolboxes\Data Management Tools.tbx\AddField" Date="20120521" Time="155007">AddField "\\swnhpr04fs\gis groups\GIS NMR Mapping\Conservation Areas\Data Capture\Conservation Areas Data Capture.gdb\Conservation_Areas\CA_Polygons" LPA TEXT # # 50 # NULLABLE NON_REQUIRED # "\\swnhpr04fs\gis groups\GIS NMR Mapping\Conservation Areas\Data Capture\Conservation Areas Data Capture.gdb\Conservation_Areas\CA_Polygons"</Process><Process ToolSource="C:\Program Files (x86)\ArcGIS\ArcToolbox\Toolboxes\Data Management Tools.tbx\CalculateField" Date="20120521" Time="155135">CalculateField "\\swnhpr04fs\gis groups\GIS NMR Mapping\Conservation Areas\Data Capture\Conservation Areas Data Capture.gdb\Conservation_Areas\CA_Polygons" LPA [DISTRICT] VB # "\\swnhpr04fs\gis groups\GIS NMR Mapping\Conservation Areas\Data Capture\Conservation Areas Data Capture.gdb\Conservation_Areas\CA_Polygons"</Process><Process ToolSource="C:\Program Files (x86)\ArcGIS\ArcToolbox\Toolboxes\Data Management Tools.tbx\DeleteField" Date="20120522" Time="113329">DeleteField "\\swnhpr04fs\gis groups\GIS NMR Mapping\Conservation Areas\Data Capture\Conservation Areas Data Capture.gdb\Conservation_Areas\CA_Polygons" DISTRICT "\\swnhpr04fs\gis groups\GIS NMR Mapping\Conservation Areas\Data Capture\Conservation Areas Data Capture.gdb\Conservation_Areas\CA_Polygons"</Process><Process ToolSource="C:\Program Files (x86)\ArcGIS\ArcToolbox\Toolboxes\Conversion Tools.tbx\FeatureClassToFeatureClass" Date="20130222" Time="145940">FeatureClassToFeatureClass "\\swnhpr04FS\GIS Groups\GIS NMR Mapping\Conservation Areas\Data Capture\Conservation Areas Data Capture.gdb\Conservation_Areas\CA_Polygons" "Database Connections\CorpGISMaster_toSQLsrvr_ICTDB05.sde\corpgismaster.CORPGISADMIN.Conservation_Area" Conservation_Area_New # "NAME 'NAME' true true false 150 Text 0 0 ,First,#,\\swnhpr04FS\GIS Groups\GIS NMR Mapping\Conservation Areas\Data Capture\Conservation Areas Data Capture.gdb\Conservation_Areas\CA_Polygons,NAME,-1,-1;DATE_OF_DESIGNATION 'DATEOFDESI' true true false 50 Text 0 0 ,First,#,\\swnhpr04FS\GIS Groups\GIS NMR Mapping\Conservation Areas\Data Capture\Conservation Areas Data Capture.gdb\Conservation_Areas\CA_Polygons,DATE_OF_DESIGNATION,-1,-1;CAPTURE_SCALE 'SCALE_CAPTURE' true true false 50 Text 0 0 ,First,#,\\swnhpr04FS\GIS Groups\GIS NMR Mapping\Conservation Areas\Data Capture\Conservation Areas Data Capture.gdb\Conservation_Areas\CA_Polygons,CAPTURE_SCALE,-1,-1;DATE_UPDATED 'DATE_UPDATED' true true false 50 Text 0 0 ,First,#,\\swnhpr04FS\GIS Groups\GIS NMR Mapping\Conservation Areas\Data Capture\Conservation Areas Data Capture.gdb\Conservation_Areas\CA_Polygons,DATE_UPDATED,-1,-1;NAME_CONCASE 'NAME_CONCASE' true true false 150 Text 0 0 ,First,#,\\swnhpr04FS\GIS Groups\GIS NMR Mapping\Conservation Areas\Data Capture\Conservation Areas Data Capture.gdb\Conservation_Areas\CA_Polygons,NAME_CONCASE,-1,-1;UID 'UID' true true false 8 Double 0 0 ,First,#,\\swnhpr04FS\GIS Groups\GIS NMR Mapping\Conservation Areas\Data Capture\Conservation Areas Data Capture.gdb\Conservation_Areas\CA_Polygons,UID,-1,-1;INSPIRE_PERMISSION 'INSPIRE_PERMISSION' true true false 50 Text 0 0 ,First,#,\\swnhpr04FS\GIS Groups\GIS NMR Mapping\Conservation Areas\Data Capture\Conservation Areas Data Capture.gdb\Conservation_Areas\CA_Polygons,INSPIRE_PERMISSION,-1,-1;SHAPE_Length 'SHAPE_Length' false true true 8 Double 0 0 ,First,#,\\swnhpr04FS\GIS Groups\GIS NMR Mapping\Conservation Areas\Data Capture\Conservation Areas Data Capture.gdb\Conservation_Areas\CA_Polygons,SHAPE_Length,-1,-1;SHAPE_Area 'SHAPE_Area' false true true 8 Double 0 0 ,First,#,\\swnhpr04FS\GIS Groups\GIS NMR Mapping\Conservation Areas\Data Capture\Conservation Areas Data Capture.gdb\Conservation_Areas\CA_Polygons,SHAPE_Area,-1,-1;x 'x' true true false 4 Long 0 0 ,First,#,\\swnhpr04FS\GIS Groups\GIS NMR Mapping\Conservation Areas\Data Capture\Conservation Areas Data Capture.gdb\Conservation_Areas\CA_Polygons,x,-1,-1;y 'y' true true false 4 Long 0 0 ,First,#,\\swnhpr04FS\GIS Groups\GIS NMR Mapping\Conservation Areas\Data Capture\Conservation Areas Data Capture.gdb\Conservation_Areas\CA_Polygons,y,-1,-1;LPA 'LPA' true true false 50 Text 0 0 ,First,#,\\swnhpr04FS\GIS Groups\GIS NMR Mapping\Conservation Areas\Data Capture\Conservation Areas Data Capture.gdb\Conservation_Areas\CA_Polygons,LPA,-1,-1" # "Database Connections\CorpGISMaster_toSQLsrvr_ICTDB05.sde\corpgismaster.CORPGISADMIN.Conservation_Area\CorpGISMaster.CORPGISADMIN.Conservation_Area_New"</Process><Process ToolSource="C:\Program Files (x86)\ArcGIS\ArcToolbox\Toolboxes\Data Management Tools.tbx\DeleteRows" Date="20130923" Time="144525">DeleteRows "Database Connections\CorpGISMaster_toSQLsrvr_ICTDB05.sde\corpgismaster.CORPGISADMIN.Conservation_Area\CorpGISMaster.CORPGISADMIN.Conservation_Area" "Database Connections\CorpGISMaster_toSQLsrvr_ICTDB05.sde\corpgismaster.CORPGISADMIN.Conservation_Area\CorpGISMaster.CORPGISADMIN.Conservation_Area"</Process><Process ToolSource="C:\Program Files (x86)\ArcGIS\ArcToolbox\Toolboxes\Data Management Tools.tbx\DeleteRows" Date="20131001" Time="180633">DeleteRows "Database Connections\CorpGISAdmin_on_CorpGISMaster_ICTDB05.sde\corpgismaster.CORPGISADMIN.Conservation_Area\CorpGISMaster.CORPGISADMIN.Conservation_Area" "Database Connections\CorpGISAdmin_on_CorpGISMaster_ICTDB05.sde\corpgismaster.CORPGISADMIN.Conservation_Area\CorpGISMaster.CORPGISADMIN.Conservation_Area"</Process><Process ToolSource="C:\Program Files (x86)\ArcGIS\ArcToolbox\Toolboxes\Data Management Tools.tbx\DeleteRows" Date="20140130" Time="132350">DeleteRows "Database Connections\CorpGISAdmin_to_CorpGISMaster_SWNHPR04SQL.sde\Corpgismaster.CORPGISADMIN.Conservation_Area\Corpgismaster.CORPGISADMIN.Conservation_Area" "Database Connections\CorpGISAdmin_to_CorpGISMaster_SWNHPR04SQL.sde\Corpgismaster.CORPGISADMIN.Conservation_Area\Corpgismaster.CORPGISADMIN.Conservation_Area"</Process><Process ToolSource="c:\program files (x86)\arcgis\desktop10.3\ArcToolbox\Toolboxes\Data Management Tools.tbx\CalculateField" Date="20180112" Time="135253">CalculateField CA_Polygons NAME_CONCASE "[NAME] +", " +[LPA]" VB #</Process><Process ToolSource="c:\program files (x86)\arcgis\desktop10.3\ArcToolbox\Toolboxes\Data Management Tools.tbx\CalculateField" Date="20180524" Time="104935">CalculateField CA_Polygons NAME_CONCASE "[NAME]+", "+ [LPA]" VB #</Process><Process ToolSource="c:\program files (x86)\arcgis\desktop10.3\ArcToolbox\Toolboxes\Data Management Tools.tbx\CalculateField" Date="20180914" Time="094616">CalculateField CA_Polygons LPA "North Dorset" VB #</Process><Process ToolSource="c:\program files (x86)\arcgis\desktop10.3\ArcToolbox\Toolboxes\Data Management Tools.tbx\CalculateField" Date="20180914" Time="094806">CalculateField CA_Polygons UID 0 VB #</Process><Process ToolSource="c:\program files (x86)\arcgis\desktop10.3\ArcToolbox\Toolboxes\Data Management Tools.tbx\CalculateField" Date="20180914" Time="094817">CalculateField CA_Polygons DATE_UPDATED "none" VB #</Process><Process ToolSource="c:\program files (x86)\arcgis\desktop10.3\ArcToolbox\Toolboxes\Data Management Tools.tbx\CalculateField" Date="20180914" Time="094826">CalculateField CA_Polygons CAPTURE_SCALE "unknown" VB #</Process><Process ToolSource="c:\program files (x86)\arcgis\desktop10.3\ArcToolbox\Toolboxes\Data Management Tools.tbx\CalculateField" Date="20180914" Time="094831">CalculateField CA_Polygons DATE_OF_DESIGNATION "unknown" VB #</Process><Process ToolSource="c:\program files (x86)\arcgis\desktop10.3\ArcToolbox\Toolboxes\Data Management Tools.tbx\CalculateField" Date="20180914" Time="103857">CalculateField CA_Polygons NAME_CONCASE "[NAME]+", "+ [LPA]" VB #</Process><Process ToolSource="c:\program files (x86)\arcgis\desktop10.3\ArcToolbox\Toolboxes\Data Management Tools.tbx\CalculateField" Date="20190516" Time="090843">CalculateField CA_Polygons LPA "Winchester" VB #</Process><Process ToolSource="c:\program files (x86)\arcgis\desktop10.3\ArcToolbox\Toolboxes\Data Management Tools.tbx\CalculateField" Date="20190516" Time="091030">CalculateField CA_Polygons CAPTURE_SCALE "unknown" VB #</Process><Process ToolSource="c:\program files (x86)\arcgis\desktop10.3\ArcToolbox\Toolboxes\Data Management Tools.tbx\CalculateField" Date="20190516" Time="091041">CalculateField CA_Polygons DATE_UPDATED "none" VB #</Process><Process ToolSource="c:\program files (x86)\arcgis\desktop10.3\ArcToolbox\Toolboxes\Data Management Tools.tbx\CalculateField" Date="20190516" Time="094133">CalculateField CA_Polygons NAME_CONCASE "[NAME]+", "+ [LPA]" VB #</Process><Process ToolSource="c:\program files (x86)\arcgis\desktop10.3\ArcToolbox\Toolboxes\Data Management Tools.tbx\CalculateField" Date="20190516" Time="095140">CalculateField CA_Polygons CAPTURE_SCALE "MasterMap" VB #</Process><Process ToolSource="c:\program files (x86)\arcgis\desktop10.3\ArcToolbox\Toolboxes\Data Management Tools.tbx\CalculateField" Date="20190524" Time="093229">CalculateField CA_Polygons CAPTURE_SCALE "MasterMap" VB #</Process><Process ToolSource="c:\program files (x86)\arcgis\desktop10.3\ArcToolbox\Toolboxes\Data Management Tools.tbx\CalculateField" Date="20200803" Time="153141">CalculateField CA_Polygons LPA "Bournemouth, Christchurch and Poole" VB #</Process><Process ToolSource="c:\program files (x86)\arcgis\desktop10.3\ArcToolbox\Toolboxes\Data Management Tools.tbx\CalculateField" Date="20200803" Time="153207">CalculateField CA_Polygons NAME_CONCASE "[NAME]+", "+ [LPA]" VB #</Process><Process ToolSource="c:\program files (x86)\arcgis\desktop10.3\ArcToolbox\Toolboxes\Data Management Tools.tbx\CalculateField" Date="20200803" Time="153304">CalculateField CA_Polygons NAME_CONCASE "[NAME]+', '+ [LPA]" VB #</Process><Process ToolSource="c:\program files (x86)\arcgis\desktop10.3\ArcToolbox\Toolboxes\Data Management Tools.tbx\CalculateField" Date="20200803" Time="153344">CalculateField CA_Polygons NAME_CONCASE "[NAME] &amp; "', "&amp;[LPA]" VB #</Process><Process ToolSource="c:\program files (x86)\arcgis\desktop10.3\ArcToolbox\Toolboxes\Data Management Tools.tbx\CalculateField" Date="20200803" Time="153408">CalculateField CA_Polygons NAME_CONCASE [NAME] VB #</Process><Process ToolSource="c:\program files (x86)\arcgis\desktop10.3\ArcToolbox\Toolboxes\Data Management Tools.tbx\CalculateField" Date="20200803" Time="153422">CalculateField CA_Polygons NAME_CONCASE [NAME] VB #</Process><Process ToolSource="c:\program files (x86)\arcgis\desktop10.3\ArcToolbox\Toolboxes\Data Management Tools.tbx\CalculateField" Date="20200803" Time="153451">CalculateField CA_Polygons NAME_CONCASE x VB #</Process><Process ToolSource="c:\program files (x86)\arcgis\desktop10.3\ArcToolbox\Toolboxes\Data Management Tools.tbx\CalculateField" Date="20200803" Time="153622">CalculateField CA_Polygons NAME_CONCASE [NAME] VB #</Process><Process ToolSource="c:\program files (x86)\arcgis\desktop10.3\ArcToolbox\Toolboxes\Data Management Tools.tbx\CalculateField" Date="20200803" Time="153642">CalculateField CA_Polygons NAME_CONCASE "[NAME_CONCASE]+", "+ [LPA]" VB #</Process><Process ToolSource="c:\program files (x86)\arcgis\desktop10.3\ArcToolbox\Toolboxes\Data Management Tools.tbx\CalculateField" Date="20200803" Time="153838">CalculateField CA_Polygons LPA "Dorset" VB #</Process><Process ToolSource="c:\program files (x86)\arcgis\desktop10.3\ArcToolbox\Toolboxes\Data Management Tools.tbx\CalculateField" Date="20200803" Time="153922">CalculateField CA_Polygons NAME_CONCASE "[NAME]+", "+ [LPA]" VB #</Process><Process ToolSource="c:\program files (x86)\arcgis\desktop10.3\ArcToolbox\Toolboxes\Data Management Tools.tbx\CalculateField" Date="20200803" Time="154050">CalculateField CA_Polygons LPA "West Suffolk" VB #</Process><Process ToolSource="c:\program files (x86)\arcgis\desktop10.3\ArcToolbox\Toolboxes\Data Management Tools.tbx\CalculateField" Date="20200803" Time="154145">CalculateField CA_Polygons NAME_CONCASE "[NAME] +", " + [LPA]" VB #</Process><Process ToolSource="c:\program files (x86)\arcgis\desktop10.3\ArcToolbox\Toolboxes\Data Management Tools.tbx\CalculateField" Date="20200803" Time="154326">CalculateField CA_Polygons LPA "East Suffolk" VB #</Process><Process ToolSource="c:\program files (x86)\arcgis\desktop10.3\ArcToolbox\Toolboxes\Data Management Tools.tbx\CalculateField" Date="20200803" Time="154408">CalculateField CA_Polygons NAME_CONCASE "[NAME] +", " + [LPA]" VB #</Process><Process ToolSource="c:\program files (x86)\arcgis\desktop10.3\ArcToolbox\Toolboxes\Data Management Tools.tbx\CalculateField" Date="20200803" Time="154602">CalculateField CA_Polygons LPA "Somerset West and Taunton" VB #</Process><Process ToolSource="c:\program files (x86)\arcgis\desktop10.3\ArcToolbox\Toolboxes\Data Management Tools.tbx\CalculateField" Date="20200803" Time="154654">CalculateField CA_Polygons NAME_CONCASE "[NAME] +", " + [LPA]" VB #</Process><Process ToolSource="c:\program files (x86)\arcgis\desktop10.3\ArcToolbox\Toolboxes\Data Management Tools.tbx\CalculateField" Date="20200803" Time="154847">CalculateField CA_Polygons LPA "Buckinghamshire" VB #</Process><Process ToolSource="c:\program files (x86)\arcgis\desktop10.3\ArcToolbox\Toolboxes\Data Management Tools.tbx\CalculateField" Date="20200803" Time="154923">CalculateField CA_Polygons NAME_CONCASE "[NAME] +", " + [LPA]" VB #</Process><Process ToolSource="c:\program files (x86)\arcgis\desktop10.3\ArcToolbox\Toolboxes\Data Management Tools.tbx\CalculateField" Date="20200901" Time="071312">CalculateField CA_Polygons LPA "Folkestone and Hythe" VB #</Process><Process ToolSource="c:\program files (x86)\arcgis\desktop10.3\ArcToolbox\Toolboxes\Data Management Tools.tbx\CalculateField" Date="20200901" Time="071358">CalculateField CA_Polygons NAME_CONCASE "[NAME]+", "+ [LPA]" VB #</Process><Process ToolSource="c:\program files (x86)\arcgis\desktop10.3\ArcToolbox\Toolboxes\Data Management Tools.tbx\CalculateField" Date="20201112" Time="160952">CalculateField CA_Polygons CAPTURE_SCALE "MasterMap" VB #</Process><Process ToolSource="c:\program files (x86)\arcgis\desktop10.3\ArcToolbox\Toolboxes\Data Management Tools.tbx\CalculateField" Date="20210913" Time="154945">CalculateField CA_Polygons CAPTURE_SCALE "MasterMap" VB #</Process><Process ToolSource="c:\program files (x86)\arcgis\desktop10.3\ArcToolbox\Toolboxes\Data Management Tools.tbx\CalculateField" Date="20210914" Time="160258">CalculateField CA_Polygons UID 0 VB #</Process><Process ToolSource="c:\program files (x86)\arcgis\desktop10.3\ArcToolbox\Toolboxes\Data Management Tools.tbx\CalculateField" Date="20210914" Time="160511">CalculateField CA_Polygons LPA "Buckinghamshire" VB #</Process><Process ToolSource="c:\program files (x86)\arcgis\desktop10.3\ArcToolbox\Toolboxes\Data Management Tools.tbx\CalculateField" Date="20210914" Time="160603">CalculateField CA_Polygons NAME_CONCASE "[NAME]+", "+ [LPA]" VB #</Process><Process ToolSource="c:\program files (x86)\arcgis\desktop10.3\ArcToolbox\Toolboxes\Data Management Tools.tbx\CalculateField" Date="20210914" Time="160924">CalculateField CA_Polygons CAPTURE_SCALE "MasterMap" VB #</Process><Process ToolSource="c:\program files (x86)\arcgis\desktop10.3\ArcToolbox\Toolboxes\Data Management Tools.tbx\CalculateField" Date="20220211" Time="124544">CalculateField CA_Polygons NAME_CONCASE "[NAME]+", "+ [LPA]" VB #</Process><Process ToolSource="c:\program files (x86)\arcgis\desktop10.3\ArcToolbox\Toolboxes\Data Management Tools.tbx\CalculateField" Date="20220304" Time="122654">CalculateField CA_Polygons CAPTURE_SCALE "unknown" VB #</Process><Process ToolSource="c:\program files (x86)\arcgis\desktop10.3\ArcToolbox\Toolboxes\Data Management Tools.tbx\CalculateField" Date="20220304" Time="123356">CalculateField CA_Polygons CAPTURE_SCALE "unknown" VB #</Process><Process ToolSource="c:\program files (x86)\arcgis\desktop10.3\ArcToolbox\Toolboxes\Data Management Tools.tbx\CalculateField" Date="20220304" Time="124152">CalculateField CA_Polygons DATE_UPDATED "none" VB #</Process><Process ToolSource="c:\program files (x86)\arcgis\desktop10.3\ArcToolbox\Toolboxes\Data Management Tools.tbx\CalculateField" Date="20220304" Time="125601">CalculateField CA_Polygons NAME_CONCASE "[NAME]+", "+ [LPA]" VB #</Process><Process ToolSource="c:\program files (x86)\arcgis\desktop10.3\ArcToolbox\Toolboxes\Data Management Tools.tbx\CalculateField" Date="20220329" Time="175807">CalculateField CA_Polygons LPA "North Northamptonshire" VB #</Process><Process ToolSource="c:\program files (x86)\arcgis\desktop10.3\ArcToolbox\Toolboxes\Data Management Tools.tbx\CalculateField" Date="20220329" Time="180247">CalculateField CA_Polygons NAME_CONCASE "[NAME]+", "+ [LPA]" VB #</Process><Process ToolSource="c:\program files (x86)\arcgis\desktop10.3\ArcToolbox\Toolboxes\Data Management Tools.tbx\CalculateField" Date="20220331" Time="114949">CalculateField CA_Polygons CAPTURE_SCALE "MasterMap" VB #</Process></lineage><itemProps><itemName Sync="TRUE">20220405_Conservation_Areas_INSPIRE_Dataset</itemName><imsContentType Sync="TRUE">002</imsContentType><itemSize Sync="TRUE">0.000</itemSize><itemLocation><linkage Sync="TRUE">file://\\SWNHPR04FS\GIS Groups\GIS NMR Mapping\Conservation Areas\Data Export\INSPIRE Dataset\Current\20220405_Conservation_Areas_INSPIRE_Dataset.shp</linkage><protocol Sync="TRUE">Local Area Network</protocol></itemLocation></itemProps><coordRef><type Sync="TRUE">Projected</type><geogcsn Sync="TRUE">GCS_OSGB_1936</geogcsn><csUnits Sync="TRUE">Linear Unit: Meter (1.000000)</csUnits><projcsn Sync="TRUE">British_National_Grid</projcsn><peXml Sync="TRUE">&lt;ProjectedCoordinateSystem xsi:type='typens:ProjectedCoordinateSystem' xmlns:xsi='http://www.w3.org/2001/XMLSchema-instance' xmlns:xs='http://www.w3.org/2001/XMLSchema' xmlns:typens='http://www.esri.com/schemas/ArcGIS/10.3'&gt;&lt;WKT&gt;PROJCS[&amp;quot;British_National_Grid&amp;quot;,GEOGCS[&amp;quot;GCS_OSGB_1936&amp;quot;,DATUM[&amp;quot;D_OSGB_1936&amp;quot;,SPHEROID[&amp;quot;Airy_1830&amp;quot;,6377563.396,299.3249646]],PRIMEM[&amp;quot;Greenwich&amp;quot;,0.0],UNIT[&amp;quot;Degree&amp;quot;,0.0174532925199433]],PROJECTION[&amp;quot;Transverse_Mercator&amp;quot;],PARAMETER[&amp;quot;False_Easting&amp;quot;,400000.0],PARAMETER[&amp;quot;False_Northing&amp;quot;,-100000.0],PARAMETER[&amp;quot;Central_Meridian&amp;quot;,-2.0],PARAMETER[&amp;quot;Scale_Factor&amp;quot;,0.9996012717],PARAMETER[&amp;quot;Latitude_Of_Origin&amp;quot;,49.0],UNIT[&amp;quot;Meter&amp;quot;,1.0],AUTHORITY[&amp;quot;EPSG&amp;quot;,27700]]&lt;/WKT&gt;&lt;XOrigin&gt;-5220400&lt;/XOrigin&gt;&lt;YOrigin&gt;-15524400&lt;/YOrigin&gt;&lt;XYScale&gt;450481592.76709664&lt;/XYScale&gt;&lt;ZOrigin&gt;-100000&lt;/ZOrigin&gt;&lt;ZScale&gt;10000&lt;/ZScale&gt;&lt;MOrigin&gt;-100000&lt;/MOrigin&gt;&lt;MScale&gt;10000&lt;/MScale&gt;&lt;XYTolerance&gt;0.001&lt;/XYTolerance&gt;&lt;ZTolerance&gt;0.001&lt;/ZTolerance&gt;&lt;MTolerance&gt;0.001&lt;/MTolerance&gt;&lt;HighPrecision&gt;true&lt;/HighPrecision&gt;&lt;WKID&gt;27700&lt;/WKID&gt;&lt;LatestWKID&gt;27700&lt;/LatestWKID&gt;&lt;/ProjectedCoordinateSystem&gt;</peXml></coordRef></DataProperties><MetaID>{F1949E6C-3C03-4E40-8128-818EA210E9FE}</MetaID></Esri><idinfo><native Sync="TRUE">Microsoft Windows Vista Version 6.1 (Build 7601) Service Pack 1; ESRI ArcCatalog 9.3.1.4000</native><descript><langdata Sync="TRUE">en</langdata><abstract>REQUIRED: A brief narrative summary of the data set.</abstract><purpose>REQUIRED: A summary of the intentions with which the data set was developed.</purpose></descript><citation><citeinfo><origin>REQUIRED: The name of an organization or individual that developed the data set.</origin><pubdate>REQUIRED: The date when the data set is published or otherwise made available for release.</pubdate><title Sync="TRUE">CorpGISMaster.CORPGISADMIN.Conservation_Area_New</title><ftname Sync="TRUE">CorpGISMaster.CORPGISADMIN.Conservation_Area_New</ftname><geoform Sync="TRUE">vector digital data</geoform><onlink Sync="TRUE">Service=sde:sqlserver:swnhpr04sql; Database=Corpgismaster; User=corpgisadmin; Version=sde.DEFAULT</onlink></citeinfo></citation><timeperd><current>REQUIRED: The basis on which the time period of content information is determined.</current><timeinfo><sngdate><caldate>REQUIRED: The year (and optionally month, or month and day) for which the data set corresponds to the ground.</caldate></sngdate></timeinfo></timeperd><status><progress>REQUIRED: The state of the data set.</progress><update>REQUIRED: The frequency with which changes and additions are made to the data set after the initial data set is completed.</update></status><spdom><bounding><westbc Sync="TRUE">-7.048772</westbc><eastbc Sync="TRUE">2.065124</eastbc><northbc Sync="TRUE">55.776566</northbc><southbc Sync="TRUE">49.863348</southbc></bounding><lboundng><leftbc Sync="TRUE">82643.600037</leftbc><rightbc Sync="TRUE">655329.869931</rightbc><bottombc Sync="TRUE">5333.600008</bottombc><topbc Sync="TRUE">653690.894729</topbc></lboundng></spdom><keywords><theme><themekt>REQUIRED: Reference to a formally registered thesaurus or a similar authoritative source of theme keywords.</themekt><themekey>REQUIRED: Common-use word or phrase used to describe the subject of the data set.</themekey></theme></keywords><accconst>REQUIRED: Restrictions and legal prerequisites for accessing the data set.</accconst><useconst>REQUIRED: Restrictions and legal prerequisites for using the data set after access is granted.</useconst><natvform Sync="TRUE">SDE Feature Class</natvform></idinfo><dataIdInfo><envirDesc Sync="TRUE">Microsoft Windows Server 2008 R2 Version 6.1 (Build 7601) Service Pack 1; Esri ArcGIS 10.3.1.4959</envirDesc><dataLang><languageCode Sync="TRUE" value="eng"></languageCode><countryCode value="GBR" Sync="TRUE"></countryCode></dataLang><idCitation><resTitle Sync="TRUE">20220405_Conservation_Areas_INSPIRE_Dataset</resTitle><presForm><PresFormCd Sync="TRUE" value="005"></PresFormCd></presForm></idCitation><dataExt><geoEle><GeoBndBox esriExtentType="native"><westBL Sync="TRUE">82643.600037</westBL><eastBL Sync="TRUE">655329.869931</eastBL><northBL Sync="TRUE">653690.894729</northBL><southBL Sync="TRUE">5333.600008</southBL><exTypeCode Sync="TRUE">1</exTypeCode></GeoBndBox></geoEle></dataExt><geoBox esriExtentType="decdegrees"><westBL Sync="TRUE">-7.048772</westBL><eastBL Sync="TRUE">2.065124</eastBL><northBL Sync="TRUE">55.776566</northBL><southBL Sync="TRUE">49.863348</southBL><exTypeCode Sync="TRUE">1</exTypeCode></geoBox><spatRpType><SpatRepTypCd Sync="TRUE" value="001"></SpatRepTypCd></spatRpType></dataIdInfo><metainfo><langmeta Sync="TRUE">en</langmeta><metstdn Sync="TRUE">FGDC Content Standards for Digital Geospatial Metadata</metstdn><metstdv Sync="TRUE">FGDC-STD-001-1998</metstdv><mettc Sync="TRUE">local time</mettc><metc><cntinfo><cntorgp><cntper>REQUIRED: The person responsible for the metadata information.</cntper><cntorg>REQUIRED: The organization responsible for the metadata information.</cntorg></cntorgp><cntaddr><addrtype>REQUIRED: The mailing and/or physical address for the organization or individual.</addrtype><city>REQUIRED: The city of the address.</city><state>REQUIRED: The state or province of the address.</state><postal>REQUIRED: The ZIP or other postal code of the address.</postal></cntaddr><cntvoice>REQUIRED: The telephone number by which individuals can speak to the organization or individual.</cntvoice></cntinfo></metc><metd Sync="TRUE">20130222</metd></metainfo><mdLang><languageCode Sync="TRUE" value="eng"></languageCode><countryCode value="GBR" Sync="TRUE"></countryCode></mdLang><mdStanName Sync="TRUE">ISO 19115 Geographic Information - Metadata</mdStanName><mdStanVer Sync="TRUE">DIS_ESRI1.0</mdStanVer><mdChar><CharSetCd Sync="TRUE" value="004"></CharSetCd></mdChar><mdHrLv><ScopeCd Sync="TRUE" value="005"></ScopeCd></mdHrLv><mdHrLvName Sync="TRUE">dataset</mdHrLvName><distinfo><resdesc Sync="TRUE">Downloadable Data</resdesc></distinfo><distInfo><distributor><distorTran><onLineSrc><orDesc Sync="TRUE">002</orDesc><linkage Sync="TRUE">file://Service=sde:sqlserver:swnhpr04sql; Database=Corpgismaster; User=corpgisadmin; Version=sde.DEFAULT</linkage><protocol Sync="TRUE">Local Area Network</protocol></onLineSrc></distorTran><distorFormat><formatName Sync="TRUE">SDE Feature Class</formatName></distorFormat></distributor><distFormat><formatName Sync="TRUE">Shapefile</formatName></distFormat><distTranOps><transSize Sync="TRUE">0.000</transSize></distTranOps></distInfo><spdoinfo><direct Sync="TRUE">Vector</direct><ptvctinf><esriterm Name="20220405_Conservation_Areas_INSPIRE_Dataset"><efeatyp Sync="TRUE">Simple</efeatyp><efeageom code="4" Sync="TRUE"></efeageom><esritopo Sync="TRUE">FALSE</esritopo><efeacnt Sync="TRUE">0</efeacnt><spindex Sync="TRUE">FALSE</spindex><linrefer Sync="TRUE">FALSE</linrefer></esriterm></ptvctinf></spdoinfo><spref><horizsys><cordsysn><geogcsn Sync="TRUE">GCS_OSGB_1936</geogcsn><projcsn Sync="TRUE">British_National_Grid</projcsn></cordsysn><planar><planci><plance Sync="TRUE">coordinate pair</plance><plandu Sync="TRUE">meters</plandu><coordrep><absres Sync="TRUE">0.000100</absres><ordres Sync="TRUE">0.000100</ordres></coordrep></planci></planar><geodetic><horizdn Sync="TRUE">D_OSGB_1936</horizdn><ellips Sync="TRUE">Airy_1830</ellips><semiaxis Sync="TRUE">6377563.396000</semiaxis><denflat Sync="TRUE">299.324965</denflat></geodetic></horizsys><vertdef><altsys><altenc Sync="TRUE">Explicit elevation coordinate included with horizontal coordinates</altenc><altres Sync="TRUE">1.000000</altres></altsys></vertdef></spref><refSysInfo><RefSystem><refSysID><identCode Sync="TRUE" code="27700">British_National_Grid</identCode><idCodeSpace Sync="TRUE">EPSG</idCodeSpace><idVersion Sync="TRUE">8.6.2</idVersion></refSysID></RefSystem></refSysInfo><spatRepInfo><VectSpatRep><geometObjs Name="20220405_Conservation_Areas_INSPIRE_Dataset"><geoObjTyp><GeoObjTypCd value="002" Sync="TRUE"></GeoObjTypCd></geoObjTyp><geoObjCnt Sync="TRUE">0</geoObjCnt></geometObjs><topLvl><TopoLevCd value="001" Sync="TRUE"></TopoLevCd></topLvl></VectSpatRep></spatRepInfo><eainfo><detailed Name="20220405_Conservation_Areas_INSPIRE_Dataset"><enttyp><enttypl Sync="TRUE">20220405_Conservation_Areas_INSPIRE_Dataset</enttypl><enttypt Sync="TRUE">Feature Class</enttypt><enttypc Sync="TRUE">0</enttypc></enttyp><attr><attrlabl Sync="TRUE">FID</attrlabl><attalias Sync="TRUE">FID</attalias><attrtype Sync="TRUE">OID</attrtype><attwidth Sync="TRUE">4</attwidth><atprecis Sync="TRUE">0</atprecis><attscale Sync="TRUE">0</attscale><attrdef Sync="TRUE">Internal feature number.</attrdef><attrdefs Sync="TRUE">Esri</attrdefs><attrdomv><udom Sync="TRUE">Sequential unique whole numbers that are automatically generated.</udom></attrdomv></attr><attr><attrlabl Sync="TRUE">SHAPE</attrlabl><attalias Sync="TRUE">Shape</attalias><attrtype Sync="TRUE">Geometry</attrtype><attwidth Sync="TRUE">0</attwidth><atprecis Sync="TRUE">0</atprecis><attscale Sync="TRUE">0</attscale><attrdef Sync="TRUE">Feature geometry.</attrdef><attrdefs Sync="TRUE">ESRI</attrdefs><attrdomv><udom Sync="TRUE">Coordinates defining the features.</udom></attrdomv></attr><attr><attrlabl Sync="TRUE">NAME</attrlabl><attalias Sync="TRUE">NAME</attalias><attrtype Sync="TRUE">String</attrtype><attwidth Sync="TRUE">150</attwidth><atprecis Sync="TRUE">0</atprecis><attscale Sync="TRUE">0</attscale></attr><attr><attrlabl Sync="TRUE">DATE_OF_DE</attrlabl><attalias Sync="TRUE">DATE_OF_DE</attalias><attrtype Sync="TRUE">String</attrtype><attwidth Sync="TRUE">50</attwidth><atprecis Sync="TRUE">0</atprecis><attscale Sync="TRUE">0</attscale></attr><attr><attrlabl Sync="TRUE">CAPTURE_SC</attrlabl><attalias Sync="TRUE">CAPTURE_SC</attalias><attrtype Sync="TRUE">String</attrtype><attwidth Sync="TRUE">50</attwidth><atprecis Sync="TRUE">0</atprecis><attscale Sync="TRUE">0</attscale></attr><attr><attrlabl Sync="TRUE">DATE_UPDAT</attrlabl><attalias Sync="TRUE">DATE_UPDAT</attalias><attrtype Sync="TRUE">String</attrtype><attwidth Sync="TRUE">50</attwidth><atprecis Sync="TRUE">0</atprecis><attscale Sync="TRUE">0</attscale></attr><attr><attrlabl Sync="TRUE">UID</attrlabl><attalias Sync="TRUE">UID</attalias><attrtype Sync="TRUE">Double</attrtype><attwidth Sync="TRUE">19</attwidth><atprecis Sync="TRUE">18</atprecis><attscale Sync="TRUE">8</attscale></attr><attr><attrlabl Sync="TRUE">x</attrlabl><attalias Sync="TRUE">x</attalias><attrtype Sync="TRUE">Integer</attrtype><attwidth Sync="TRUE">10</attwidth><atprecis Sync="TRUE">10</atprecis><attscale Sync="TRUE">0</attscale></attr><attr><attrlabl Sync="TRUE">y</attrlabl><attalias Sync="TRUE">y</attalias><attrtype Sync="TRUE">Integer</attrtype><attwidth Sync="TRUE">10</attwidth><atprecis Sync="TRUE">10</atprecis><attscale Sync="TRUE">0</attscale></attr><attr><attrlabl Sync="TRUE">LPA</attrlabl><attalias Sync="TRUE">LPA</attalias><attrtype Sync="TRUE">String</attrtype><attwidth Sync="TRUE">50</attwidth><atprecis Sync="TRUE">0</atprecis><attscale Sync="TRUE">0</attscale></attr><attr><attrlabl Sync="TRUE">Shape_area</attrlabl><attalias Sync="TRUE">Shape_area</attalias><attrtype Sync="TRUE">Double</attrtype><attwidth Sync="TRUE">19</attwidth><atprecis Sync="TRUE">0</atprecis><attscale Sync="TRUE">0</attscale><attrdef Sync="TRUE">Area of feature in internal units squared.</attrdef><attrdefs Sync="TRUE">Esri</attrdefs><attrdomv><udom Sync="TRUE">Positive real numbers that are automatically generated.</udom></attrdomv></attr><attr><attrlabl Sync="TRUE">Shape_len</attrlabl><attalias Sync="TRUE">Shape_len</attalias><attrtype Sync="TRUE">Double</attrtype><attwidth Sync="TRUE">19</attwidth><atprecis Sync="TRUE">0</atprecis><attscale Sync="TRUE">0</attscale></attr></detailed></eainfo><mdDateSt Sync="TRUE">20220405</mdDateSt><GEMINI_Metadata><IdentificationInfo><spatialRepresentationType codeList="001"></spatialRepresentationType><spatialResolution><distance>0.000079</distance></spatialResolution></IdentificationInfo><dateStamp>20130222</dateStamp><metadataStandardName>UK GEMINI Standard</metadataStandardName><metadataStandardVersion>1.0</metadataStandardVersion><referenceSystemInfo><referenceSystemIdentifier><code>001</code></referenceSystemIdentifier></referenceSystemInfo></GEMINI_Metadata><gmd:GEMINI_Metadata xmlns:gmd="http://www.isotc211.org/2005/gmd" xmlns:xsi="http://www.w3.org/2001/XMLSchema-instance" xmlns:gco="http://www.isotc211.org/2005/gco" xmlns:srv="http://www.isotc211.org/2005/srv" xmlns:gts="http://www.isotc211.org/2005/gts" xmlns:gml="http://www.opengis.net/gml" xmlns:xlink="http://www.w3.org/1999/xlink" xmlns:msxsl="urn:schemas-microsoft-com:xslt">
		<gmd:fileIdentifier>
			<gco:CharacterString>{e851717b-5c29-4590-9394-58e2c6d494b9}</gco:CharacterString>
		</gmd:fileIdentifier>
		<gmd:dateStamp>
			<gco:Date>2013-02-22</gco:Date>
		</gmd:dateStamp>
		<gmd:language>
			<gmd:LanguageCode codeList="http://www.loc.gov/standards/iso639-2/php/code_list.php" codeListValue="eng">English [English]</gmd:LanguageCode>
		</gmd:language>
		<gmd:identificationInfo>
			<gmd:MD_DataIdentification/>
		</gmd:identificationInfo>
		<gmd:distributionInfo>
			<gmd:MD_Distribution>
				<gmd:transferOptions>
					<gmd:MD_DigitalTransferOptions>
						<gmd:onLine>
							<gmd:CI_OnlineResource>
								<gmd:linkage>
									<gmd:URL>Service=sde:sqlserver:ictdb05; Database=CorpGISMaster; User=corpgisadmin; Version=sde.DEFAULT</gmd:URL>
								</gmd:linkage>
							</gmd:CI_OnlineResource>
						</gmd:onLine>
					</gmd:MD_DigitalTransferOptions>
				</gmd:transferOptions>
				<gmd:distributionFormat>
					<gmd:MD_Format>
						<gmd:name>
							<gco:CharacterString>SDE Feature Class</gco:CharacterString>
						</gmd:name>
					</gmd:MD_Format>
				</gmd:distributionFormat>
			</gmd:MD_Distribution>
		</gmd:distributionInfo>
		<gmd:referenceSystemInfo>
			<gmd:MD_ReferenceSystem>
				<gmd:referenceSystemIdentifier>
					<gmd:RS_Identifier>
						<gmd:code>
							<gco:CharacterString>Great Britain National Grid</gco:CharacterString>
						</gmd:code>
					</gmd:RS_Identifier>
				</gmd:referenceSystemIdentifier>
			</gmd:MD_ReferenceSystem>
		</gmd:referenceSystemInfo>
	</gmd:GEMINI_Metadata><dataqual><lineage><procstep><procdesc Sync="TRUE">Dataset copied.</procdesc><srcused Sync="TRUE">Service=sde:sqlserver:ictdb05; Database=corpgismaster; User=Corpgisadmin; Version=sde.DEFAULT</srcused><procdate Sync="TRUE">20131010</procdate><proctime Sync="TRUE">11052800</proctime></procstep></lineage></dataqual></metadata>
