<?xml version="1.0" encoding="UTF-8"?>
<gmd:MD_Metadata xmlns:gmd="http://www.isotc211.org/2005/gmd"
                 xmlns:gsr="http://www.isotc211.org/2005/gsr"
                 xmlns:gml="http://www.opengis.net/gml/3.2"
                 xmlns:gts="http://www.isotc211.org/2005/gts"
                 xmlns:gmx="http://www.isotc211.org/2005/gmx"
                 xmlns:gco="http://www.isotc211.org/2005/gco"
                 xmlns:xlink="http://www.w3.org/1999/xlink"
                 xmlns:gss="http://www.isotc211.org/2005/gss"
                 xmlns:geonet="http://www.fao.org/geonetwork"
                 xmlns:xsi="http://www.w3.org/2001/XMLSchema-instance"
                 xsi:schemaLocation="http://www.isotc211.org/2005/gmx http://eden.ign.fr/xsd/isotc211/isofull/20090316/gmx/gmx.xsd">
  <gmd:fileIdentifier xmlns:gml="http://www.opengis.net/gml" xmlns:srv="http://www.isotc211.org/2005/srv">
      <gco:CharacterString>fb43bf5f-80cd-4161-bc62-55e09c2bfa7e</gco:CharacterString>
  </gmd:fileIdentifier>
  <gmd:language>
      <gmd:LanguageCode codeList="http://www.loc.gov/standards/iso639-2/php/code_list.php"
                        codeListValue="eng">eng</gmd:LanguageCode>
  </gmd:language>
  <gmd:hierarchyLevel>
      <gmd:MD_ScopeCode codeList="http://standards.iso.org/ittf/PubliclyAvailableStandards/ISO_19139_Schemas/resources/Codelist/gmxCodelists.xml#MD_ScopeCode"
                        codeListValue="dataset">dataset</gmd:MD_ScopeCode>
  </gmd:hierarchyLevel>
  <gmd:contact>
      <gmd:CI_ResponsibleParty>
         <gmd:organisationName>
            <gco:CharacterString>Historic England</gco:CharacterString>
         </gmd:organisationName>
         <gmd:positionName>
            <gco:CharacterString>Corporate GIS Team</gco:CharacterString>
         </gmd:positionName>
         <gmd:contactInfo>
            <gmd:CI_Contact>
               <gmd:phone>
                  <gmd:CI_Telephone>
                     <gmd:voice>
                        <gco:CharacterString>01793414580</gco:CharacterString>
                     </gmd:voice>
                     <gmd:facsimile>
                        <gco:CharacterString>01793414707</gco:CharacterString>
                     </gmd:facsimile>
                  </gmd:CI_Telephone>
               </gmd:phone>
               <gmd:address>
                  <gmd:CI_Address>
                     <gmd:deliveryPoint>
                        <gco:CharacterString>The Engine House</gco:CharacterString>
                     </gmd:deliveryPoint>
                     <gmd:deliveryPoint>
                        <gco:CharacterString>Fire Fly Avenue</gco:CharacterString>
                     </gmd:deliveryPoint>
                     <gmd:city>
                        <gco:CharacterString>Swindon</gco:CharacterString>
                     </gmd:city>
                     <gmd:postalCode>
                        <gco:CharacterString>SN2 2EH</gco:CharacterString>
                     </gmd:postalCode>
                     <gmd:country>
                        <gco:CharacterString>United Kingdom</gco:CharacterString>
                     </gmd:country>
                     <gmd:electronicMailAddress>
                        <gco:CharacterString>gis@HistoricEngland.org.uk</gco:CharacterString>
                     </gmd:electronicMailAddress>
                  </gmd:CI_Address>
               </gmd:address>
            </gmd:CI_Contact>
         </gmd:contactInfo>
         <gmd:role>
            <gmd:CI_RoleCode codeList="http://standards.iso.org/ittf/PubliclyAvailableStandards/ISO_19139_Schemas/resources/Codelist/gmxCodelists.xml#CI_RoleCode"
                             codeListValue="pointOfContact"/>
         </gmd:role>
      </gmd:CI_ResponsibleParty>
  </gmd:contact>
  <gmd:dateStamp>
      <gco:DateTime xmlns:gml="http://www.opengis.net/gml" xmlns:srv="http://www.isotc211.org/2005/srv">2011-04-13T12:55:41</gco:DateTime>
  </gmd:dateStamp>
  <gmd:referenceSystemInfo>
      <gmd:MD_ReferenceSystem>
         <gmd:referenceSystemIdentifier>
            <gmd:RS_Identifier>
               <gmd:code>
                  <gco:CharacterString>urn:ogc:def:crs:EPSG::4258</gco:CharacterString>
               </gmd:code>
            </gmd:RS_Identifier>
         </gmd:referenceSystemIdentifier>
      </gmd:MD_ReferenceSystem>
  </gmd:referenceSystemInfo>
  <gmd:identificationInfo>
      <gmd:MD_DataIdentification>
         <gmd:citation>
            <gmd:CI_Citation>
               <gmd:title>
                  <gco:CharacterString>Conservation Areas</gco:CharacterString>
               </gmd:title>
               <gmd:date>
                  <gmd:CI_Date>
                     <gmd:date>
                        <gco:Date>2007-01-01</gco:Date>
                     </gmd:date>
                     <gmd:dateType>
                        <gmd:CI_DateTypeCode codeList="http://standards.iso.org/ittf/PubliclyAvailableStandards/ISO_19139_Schemas/resources/Codelist/gmxCodelists.xml#CI_DateTypeCode"
                                             codeListValue="creation"/>
                     </gmd:dateType>
                  </gmd:CI_Date>
               </gmd:date>
               <gmd:identifier>
                  <gmd:RS_Identifier>
                     <gmd:code>
                        <gco:CharacterString>ConservationAreas</gco:CharacterString>
                     </gmd:code>
                     <gmd:codeSpace>
                        <gco:CharacterString>Please enter the code space of the unique identifier of the dataset</gco:CharacterString>
                     </gmd:codeSpace>
                  </gmd:RS_Identifier>
               </gmd:identifier>
            </gmd:CI_Citation>
         </gmd:citation>
         <gmd:abstract>
            <gco:CharacterString>Conservation Areas in England as designated by Local Planning Authorities and compiled by Historic England, with the limit of each CA recorded as a polygon.

PLEASE NOTE that this layer only contains data supplied by LPAs to Historic England under the LGA/EH Memorandum of Agreement.</gco:CharacterString>
         </gmd:abstract>
         <gmd:pointOfContact>
            <gmd:CI_ResponsibleParty>
               <gmd:organisationName>
                  <gco:CharacterString>Historic England</gco:CharacterString>
               </gmd:organisationName>
               <gmd:positionName>
                  <gco:CharacterString>Datasets Development Team</gco:CharacterString>
               </gmd:positionName>
               <gmd:contactInfo>
                  <gmd:CI_Contact>
                     <gmd:phone>
                        <gmd:CI_Telephone>
                           <gmd:voice>
                              <gco:CharacterString>01793414718</gco:CharacterString>
                           </gmd:voice>
                           <gmd:facsimile>
                              <gco:CharacterString>01793414707</gco:CharacterString>
                           </gmd:facsimile>
                        </gmd:CI_Telephone>
                     </gmd:phone>
                     <gmd:address>
                        <gmd:CI_Address>
                           <gmd:deliveryPoint>
                              <gco:CharacterString>The Engine House</gco:CharacterString>
                           </gmd:deliveryPoint>
                           <gmd:deliveryPoint>
                              <gco:CharacterString>Fire Fly Avenue</gco:CharacterString>
                           </gmd:deliveryPoint>
                           <gmd:city>
                              <gco:CharacterString>Swindon</gco:CharacterString>
                           </gmd:city>
                           <gmd:postalCode>
                              <gco:CharacterString>SN2 2EH</gco:CharacterString>
                           </gmd:postalCode>
                           <gmd:country>
                              <gco:CharacterString>United Kingdom</gco:CharacterString>
                           </gmd:country>
                           <gmd:electronicMailAddress>
                              <gco:CharacterString>gis@HistoricEngland.org.uk</gco:CharacterString>
                           </gmd:electronicMailAddress>
                        </gmd:CI_Address>
                     </gmd:address>
                     <gmd:onlineResource>
                        <gmd:CI_OnlineResource>
                           <gmd:linkage>
                              <gmd:URL>http://www.historicengland.org.uk/</gmd:URL>
                           </gmd:linkage>
                           <gmd:protocol gco:nilReason="missing">
                              <gco:CharacterString/>
                           </gmd:protocol>
                           <gmd:name gco:nilReason="missing">
                              <gco:CharacterString/>
                           </gmd:name>
                           <gmd:description>
                              <gco:CharacterString>Historic England main website</gco:CharacterString>
                           </gmd:description>
                        </gmd:CI_OnlineResource>
                     </gmd:onlineResource>
                  </gmd:CI_Contact>
               </gmd:contactInfo>
               <gmd:role>
                  <gmd:CI_RoleCode codeList="http://standards.iso.org/ittf/PubliclyAvailableStandards/ISO_19139_Schemas/resources/Codelist/gmxCodelists.xml#CI_RoleCode"
                                   codeListValue="distributor"/>
               </gmd:role>
            </gmd:CI_ResponsibleParty>
         </gmd:pointOfContact>
         <gmd:resourceMaintenance>
            <gmd:MD_MaintenanceInformation>
               <gmd:maintenanceAndUpdateFrequency>
                  <gmd:MD_MaintenanceFrequencyCode codeList="http://standards.iso.org/ittf/PubliclyAvailableStandards/ISO_19139_Schemas/resources/Codelist/gmxCodelists.xml#MD_MaintenanceFrequencyCode"
                                                   codeListValue="asNeeded"/>
               </gmd:maintenanceAndUpdateFrequency>
            </gmd:MD_MaintenanceInformation>
         </gmd:resourceMaintenance>
         <gmd:descriptiveKeywords>
            <gmd:MD_Keywords>
               <gmd:keyword>
                  <gco:CharacterString>Heritage</gco:CharacterString>
               </gmd:keyword>
               <gmd:keyword>
                  <gco:CharacterString>Conservation Areas</gco:CharacterString>
               </gmd:keyword>
               <gmd:thesaurusName>
                  <gmd:CI_Citation>
                     <gmd:title>
                        <gco:CharacterString>Integrated Public Sector Vocabulary</gco:CharacterString>
                     </gmd:title>
                     <gmd:date>
                        <gmd:CI_Date>
                           <gmd:date>
                              <gco:Date>2007-05-23</gco:Date>
                           </gmd:date>
                           <gmd:dateType>
                              <gmd:CI_DateTypeCode codeList="http://standards.iso.org/ittf/PubliclyAvailableStandards/ISO_19139_Schemas/resources/Codelist/gmxCodelists.xml#CI_DateTypeCode"
                                                   codeListValue="revision"/>
                           </gmd:dateType>
                        </gmd:CI_Date>
                     </gmd:date>
                  </gmd:CI_Citation>
               </gmd:thesaurusName>
            </gmd:MD_Keywords>
         </gmd:descriptiveKeywords>
         <gmd:descriptiveKeywords>
            <gmd:MD_Keywords>
               <gmd:keyword>
                  <gco:CharacterString>Protected Sites</gco:CharacterString>
               </gmd:keyword>
               <gmd:thesaurusName>
                  <gmd:CI_Citation>
                     <gmd:title>
                        <gco:CharacterString>General Environmental Multi-Lingual Thesaurus</gco:CharacterString>
                     </gmd:title>
                     <gmd:date>
                        <gmd:CI_Date>
                           <gmd:date>
                              <gco:DateTime>2010-01-18T12:47:00</gco:DateTime>
                           </gmd:date>
                           <gmd:dateType>
                              <gmd:CI_DateTypeCode codeList="http://standards.iso.org/ittf/PubliclyAvailableStandards/ISO_19139_Schemas/resources/Codelist/gmxCodelists.xml#CI_DateTypeCode"
                                                   codeListValue="revision"/>
                           </gmd:dateType>
                        </gmd:CI_Date>
                     </gmd:date>
                  </gmd:CI_Citation>
               </gmd:thesaurusName>
            </gmd:MD_Keywords>
         </gmd:descriptiveKeywords>
         <gmd:resourceConstraints>
            <gmd:MD_LegalConstraints>
               <gmd:accessConstraints>
                  <gmd:MD_RestrictionCode codeList="http://standards.iso.org/ittf/PubliclyAvailableStandards/ISO_19139_Schemas/resources/Codelist/gmxCodelists.xml#MD_RestrictionCode"
                                          codeListValue="otherRestrictions"/>
               </gmd:accessConstraints>
               <gmd:otherConstraints>
                  <gco:CharacterString>Copyright</gco:CharacterString>
               </gmd:otherConstraints>
               <gmd:otherConstraints>
                  <gco:CharacterString>Licence</gco:CharacterString>
               </gmd:otherConstraints>
               <gmd:otherConstraints>
                  <gco:CharacterString>Intellectual Property Rights</gco:CharacterString>
               </gmd:otherConstraints>
               <gmd:otherConstraints>
                  <gco:CharacterString>Restricted</gco:CharacterString>
               </gmd:otherConstraints>
            </gmd:MD_LegalConstraints>
         </gmd:resourceConstraints>
         <gmd:resourceConstraints>
            <gmd:MD_Constraints>
               <gmd:useLimitation>
                  <gco:CharacterString>Use limitation</gco:CharacterString>
               </gmd:useLimitation>
               <gmd:useLimitation>
                  <gco:CharacterString>Copyright</gco:CharacterString>
               </gmd:useLimitation>
               <gmd:useLimitation>
                  <gco:CharacterString>Licence</gco:CharacterString>
               </gmd:useLimitation>
               <gmd:useLimitation>
                  <gco:CharacterString>Intellectual Property Rights</gco:CharacterString>
               </gmd:useLimitation>
               <gmd:useLimitation>
                  <gco:CharacterString>Users should refer to the appropriate LPA for definitive boundary information.</gco:CharacterString>
               </gmd:useLimitation>
            </gmd:MD_Constraints>
         </gmd:resourceConstraints>
         <gmd:spatialResolution>
            <gmd:MD_Resolution>
               <gmd:distance>
                  <gco:Distance uom="urn:ogc:def:uom:EPSG::9001">8</gco:Distance>
               </gmd:distance>
            </gmd:MD_Resolution>
         </gmd:spatialResolution>
         <gmd:spatialResolution>
            <gmd:MD_Resolution>
               <gmd:equivalentScale>
                  <gmd:MD_RepresentativeFraction>
                     <gmd:denominator>
                        <gco:Integer>10000</gco:Integer>
                     </gmd:denominator>
                  </gmd:MD_RepresentativeFraction>
               </gmd:equivalentScale>
            </gmd:MD_Resolution>
         </gmd:spatialResolution>
         <gmd:language>
            <gmd:LanguageCode codeList="http://www.loc.gov/standards/iso639-2/php/code_list.php"
                              codeListValue="eng"/>
         </gmd:language>
         <gmd:topicCategory>
            <gmd:MD_TopicCategoryCode>environment</gmd:MD_TopicCategoryCode>
         </gmd:topicCategory>
         <gmd:topicCategory>
            <gmd:MD_TopicCategoryCode>society</gmd:MD_TopicCategoryCode>
         </gmd:topicCategory>
         <gmd:extent>
            <gmd:EX_Extent>
               <gmd:geographicElement>
                  <gmd:EX_GeographicBoundingBox>
                     <gmd:westBoundLongitude>
                        <gco:Decimal>-7.05329</gco:Decimal>
                     </gmd:westBoundLongitude>
                     <gmd:eastBoundLongitude>
                        <gco:Decimal>2.07925</gco:Decimal>
                     </gmd:eastBoundLongitude>
                     <gmd:southBoundLatitude>
                        <gco:Decimal>49.863348</gco:Decimal>
                     </gmd:southBoundLatitude>
                     <gmd:northBoundLatitude>
                        <gco:Decimal>55.81169</gco:Decimal>
                     </gmd:northBoundLatitude>
                  </gmd:EX_GeographicBoundingBox>
               </gmd:geographicElement>
               <gmd:temporalElement>
                  <gmd:EX_TemporalExtent>
                     <gmd:extent>
                        <gml:TimePeriod gml:id="1">
                           <gml:beginPosition>2007-01-01</gml:beginPosition>
                           <gml:endPosition>2099-12-31</gml:endPosition>
                        </gml:TimePeriod>
                     </gmd:extent>
                  </gmd:EX_TemporalExtent>
               </gmd:temporalElement>
               <gmd:verticalElement>
                  <gmd:EX_VerticalExtent>
                     <gmd:minimumValue>
                        <gco:Real>0</gco:Real>
                     </gmd:minimumValue>
                     <gmd:maximumValue>
                        <gco:Real>0</gco:Real>
                     </gmd:maximumValue>
                     <gmd:verticalCRS xlink:href="urn:ogc:def:crs:EPSG::5701"/>
                  </gmd:EX_VerticalExtent>
               </gmd:verticalElement>
            </gmd:EX_Extent>
         </gmd:extent>
         <gmd:supplementalInformation>
            <gco:CharacterString>http://www.historicengland.org.uk/caring/listing/local/conservation-areas/ 
Local Authorities</gco:CharacterString>
         </gmd:supplementalInformation>
      </gmd:MD_DataIdentification>
  </gmd:identificationInfo>
  <gmd:distributionInfo>
      <gmd:MD_Distribution>
         <gmd:distributionFormat>
            <gmd:MD_Format>
               <gmd:name>
                  <gco:CharacterString>ESRI File Geodatabase</gco:CharacterString>
               </gmd:name>
               <gmd:version>
                  <gco:CharacterString>9.3.1</gco:CharacterString>
               </gmd:version>
            </gmd:MD_Format>
         </gmd:distributionFormat>
         <gmd:transferOptions>
            <gmd:MD_DigitalTransferOptions>
               <gmd:onLine>
                  <gmd:CI_OnlineResource>
                     <gmd:linkage>
                        <gmd:URL>http://www.historicengland.org.uk/professional/advice/advice-by-topic/landscape-and-areas/conservation-area-guidance/</gmd:URL>
                     </gmd:linkage>
                     <gmd:function>
                        <gmd:CI_OnLineFunctionCode codeList="http://standards.iso.org/ittf/PubliclyAvailableStandards/ISO_19139_Schemas/resources/Codelist/gmxCodelists.xml#CI_OnLineFunctionCode"
                                                   codeListValue="information">information</gmd:CI_OnLineFunctionCode>
                     </gmd:function>
                  </gmd:CI_OnlineResource>
               </gmd:onLine>
            </gmd:MD_DigitalTransferOptions>
         </gmd:transferOptions>
      </gmd:MD_Distribution>
  </gmd:distributionInfo>
  <gmd:dataQualityInfo>
      <gmd:DQ_DataQuality>
         <gmd:scope>
            <gmd:DQ_Scope>
               <gmd:level>
                  <gmd:MD_ScopeCode codeList="http://standards.iso.org/ittf/PubliclyAvailableStandards/ISO_19139_Schemas/resources/Codelist/gmxCodelists.xml#MD_ScopeCode"
                                    codeListValue="dataset"/>
               </gmd:level>
            </gmd:DQ_Scope>
         </gmd:scope>
         <gmd:report>
            <gmd:DQ_DomainConsistency>
               <gmd:result>
                  <gmd:DQ_ConformanceResult>
                     <gmd:specification>
                        <gmd:CI_Citation>
                           <gmd:title>
                              <gco:CharacterString>D2.8.1.9 INSPIRE Data Specification on Protected Sites Guidelines</gco:CharacterString>
                           </gmd:title>
                           <gmd:date>
                              <gmd:CI_Date>
                                 <gmd:date>
                                    <gco:Date>2010-04-26</gco:Date>
                                 </gmd:date>
                                 <gmd:dateType>
                                    <gmd:CI_DateTypeCode codeList="http://standards.iso.org/ittf/PubliclyAvailableStandards/ISO_19139_Schemas/resources/Codelist/gmxCodelists.xml#CI_DateTypeCode"
                                                         codeListValue="publication"/>
                                 </gmd:dateType>
                              </gmd:CI_Date>
                           </gmd:date>
                        </gmd:CI_Citation>
                     </gmd:specification>
                     <gmd:explanation>
                        <gco:CharacterString>Dataset will conform to the Protected Sites Simple Application Schema.</gco:CharacterString>
                     </gmd:explanation>
                     <gmd:pass>
                        <gco:Boolean>false</gco:Boolean>
                     </gmd:pass>
                  </gmd:DQ_ConformanceResult>
               </gmd:result>
            </gmd:DQ_DomainConsistency>
         </gmd:report>
         <gmd:lineage>
            <gmd:LI_Lineage>
               <gmd:statement>
                  <gco:CharacterString>Local Authorities provided mostly digital data, but also some scanned and geo-rectified Conservation Areas maps.
Digital boundary data provided by LPAs, with attribution enhanced by EH.</gco:CharacterString>
               </gmd:statement>
            </gmd:LI_Lineage>
         </gmd:lineage>
      </gmd:DQ_DataQuality>
  </gmd:dataQualityInfo>
</gmd:MD_Metadata>